IDE_GL_DETAIL_REF;STATUS;LOT_TYPE_FK;VALID_ON;IDE_GL_REF;PRD_PRODUCT_CTY;IDE_GL_ENTITY_REF;TYP_LIQUIFYABLE;TYP_POSITION;LKPN_MAT_INDIC;SEC81_NON_EXEMPT_EXPO;CTY_MARKET_PLACE;SEC90_HKMA_INCL;CDE_LOCATION;TYP_DER_ORIGIN;TYP_PERPETUAL;TYP_DEFAULT_FUND_CCP;MAT_UNSETTLED_PERIOD;TYP_BACKED_LIABILITIES;TYP_HKD_FUNDED
1020101 Due from banks : Items in course of collection from other banks : NOSTRO ACCOUNT SCBHK;1;1;20230131;1020101AUD238;;0;0;0;0;0;;0;0;0;0;0;0;0;0
1020101 Due from banks : Items in course of collection from other banks : NOSTRO ACCOUNT SCBHK;1;1;20230131;1020101EUR238;;0;0;0;0;0;;0;0;0;0;0;0;0;0
1020101 Due from banks : Items in course of collection from other banks : NOSTRO ACCOUNT SCBHK;1;1;20230131;1020101NZD238;;0;0;0;0;0;;0;0;0;0;0;0;0;0
1020101 Due from banks : Items in course of collection from other banks : NOSTRO ACCOUNT SCBHK;1;1;20230131;1020101USD238;;0;0;0;0;0;;0;0;0;0;0;0;0;0
1020101 Due from banks : Items in course of collection from other banks : NOSTRO ACCOUNT SCBHK;1;1;20230131;1020101GBP238;;0;0;0;0;0;;0;0;0;0;0;0;0;0
1020101 Due from banks : Items in course of collection from other banks : NOSTRO ACCOUNT SCBHK;1;1;20230131;1020101SGD238;;0;0;0;0;0;;0;0;0;0;0;0;0;0
1020101 Due from banks : Items in course of collection from other banks : NOSTRO ACCOUNT SCBHK;1;1;20230131;1020101JPY238;;0;0;0;0;0;;0;0;0;0;0;0;0;0
1020101 Due from banks : Items in course of collection from other banks : NOSTRO ACCOUNT SCBHK;1;1;20230131;1020101HKD238;;0;0;0;0;0;;0;0;0;0;0;0;0;1
1020101 Due from banks : Items in course of collection from other banks : NOSTRO ACCOUNT SCBHK;1;1;20230131;1020101CNH238;;0;0;0;0;0;;0;0;0;0;0;0;0;0
1020101 Due from banks : Items in course of collection from other banks : NOSTRO ACCOUNT SCBHK;1;1;20230131;1020101HKD;;0;0;0;0;0;;0;0;0;0;0;0;0;0
1020101 Due from banks : Items in course of collection from other banks : NOSTRO ACCOUNT SCBHK;1;1;20230131;1020101CAD238;;0;0;0;0;0;;0;0;0;0;0;0;0;0
1020121 Due from banks : Items in course of collection from other banks : HKD CLEARING ACCOUNT-ICL;1;1;20230131;1020121HKD;;0;0;0;0;0;;0;0;0;0;0;0;0;0
1020124 Due from banks : Items in course of collection from other banks : RTGS - FPS A/C;1;1;20230131;1020124HKD;;0;0;0;0;0;;0;0;0;0;0;0;0;0
1030101 Prepayments and accrued income : Accrued interest receivable : AIR-TIME DEP SCBHK;1;1;20230131;1030101HKD238;;0;0;0;0;0;;0;0;0;0;0;0;0;1
1030121 Prepayments and accrued income : Accrued interest receivable : AIR-CARDHOLDER BAL;1;1;20230131;1030121HKD;;0;0;0;0;0;;0;0;0;0;0;0;0;0
1030122 Prepayments and accrued income : Accrued interest receivable : AIR-TREASURY BILLS BOND;1;1;20230131;1030122HKD;;0;0;0;0;0;;0;0;0;0;0;0;0;0
1030124 Prepayments and accrued income : Accrued interest receivable : AIR-CASH ADVANCE;1;1;20230131;1030124HKD;;0;0;0;0;0;;0;0;0;0;0;0;0;0
1030126 AIR-LOAN ON CARD;1;1;20230131;1030126HKD;;0;0;0;0;0;;0;0;0;0;0;0;0;0
1030223 Prepayments and accrued income : Prepayments and accrued income : PREPAYMENT-EXP;1;1;20230131;1030223HKD;;0;0;0;0;0;;0;0;0;0;0;0;0;0
1040122 Treasury and other eligible bills : Treasury and other eligible bills : TRSY BILLS/NOTE MTM-FVOCI;1;1;20230131;1040122HKD;;0;0;0;0;0;;0;0;0;0;0;0;0;0
1040123 Treasury and other eligible bills : Treasury and other eligible bills : TRSY&OTH ELIGB BILLS-FVOCI;1;1;20230131;1040123HKD;;0;0;0;0;0;;0;0;0;0;0;0;0;0
1040124 Treasury and other eligible bills : Treasury and other eligible bills : TB UNAMT PREM/DISC;1;1;20230131;1040124HKD;;0;0;0;0;0;;0;0;0;0;0;0;0;0
1050220 Loans and advances to customers : Gross loans and advances to customers : CARDHOLDER BAL-P;1;1;20230131;1050220HKD;;0;0;0;0;0;;0;0;0;0;0;0;0;0
1050225 Loans and advances to customers : Gross loans and advances to customers : CARDHOLDER BAL-UNBILLED INST LOAN;1;1;20230131;1050225HKD;;0;0;0;0;0;;0;0;0;0;0;0;0;0
1050229 Loans and advances to customers : Gross loans and advances to customers : CASH ADVANCE-PERFORMING;1;1;20230131;1050229HKD;;0;0;0;0;0;;0;0;0;0;0;0;0;0
1050235 Loans and advances to customers : Gross loans and advances to customers : CUSTOMER OVERDRAFT;1;1;20230131;1050235HKD;;0;0;0;0;0;;0;0;0;0;0;0;0;0
1050250 Loans and advances to customers : Gross loans and advances to customers : UNAMORT'D FEE-LN ON CARD;1;1;20230131;1050250HKD;;0;0;0;0;0;;0;0;0;0;0;0;0;0
1050251 Loans and advances to customers : Gross loans and advances to customers : UNAMORT'D FEE-MER INSTAL;1;1;20230131;1050251HKD;;0;0;0;0;0;;0;0;0;0;0;0;0;0
1050345 ECL S1 PRO-LN TO CU-AMC-CC;1;1;20230131;1050345HKD;;0;0;0;0;0;;0;0;0;0;0;0;0;0
1050350 ECL S2 PRO-LN TO CU-AMC-CC;1;1;20230131;1050350HKD;;0;0;0;0;0;;0;0;0;0;0;0;0;0
1050351 ECL S3 PRO-LN TO CU-AMC-CC;1;1;20230131;1050351HKD;;0;0;0;0;0;;0;0;0;0;0;0;0;0
1060108 CBR-RECEIVABLES-BRANCHES;1;1;20230131;1060108USD238;;0;0;0;0;0;;0;0;0;0;0;0;0;0
1060108 CBR-RECEIVABLES-BRANCHES;1;1;20230131;1060108USD110;;0;0;0;0;0;;0;0;0;0;0;0;0;0
1060201 Due from intragroup : Due from head office and subsidiaries - non-demand : TIME DEPOSIT-SCBHK;1;1;20230131;1060201HKD238;;0;0;0;0;0;;0;0;0;0;0;0;0;1
1060202 BALANCES WITH SCALE-SCBHK;1;1;20230131;1060202JPY238;;0;0;0;0;0;;0;0;0;0;0;0;0;0
1060202 BALANCES WITH SCALE-SCBHK;1;1;20230131;1060202CAD238;;0;0;0;0;0;;0;0;0;0;0;0;0;0
1060202 BALANCES WITH SCALE-SCBHK;1;1;20230131;1060202SGD238;;0;0;0;0;0;;0;0;0;0;0;0;0;0
1060202 BALANCES WITH SCALE-SCBHK;1;1;20230131;1060202HKD238;;0;0;0;0;0;;0;0;0;0;0;0;0;1
1060202 BALANCES WITH SCALE-SCBHK;1;1;20230131;1060202AUD238;;0;0;0;0;0;;0;0;0;0;0;0;0;0
1060202 BALANCES WITH SCALE-SCBHK;1;1;20230131;1060202EUR238;;0;0;0;0;0;;0;0;0;0;0;0;0;0
1060202 BALANCES WITH SCALE-SCBHK;1;1;20230131;1060202GBP238;;0;0;0;0;0;;0;0;0;0;0;0;0;0
1060202 BALANCES WITH SCALE-SCBHK;1;1;20230131;1060202USD238;;0;0;0;0;0;;0;0;0;0;0;0;0;0
1070220 Property plant and equipment : Furniture and fittings : FURN & FITT-ACC DPR;1;1;20230131;1070220HKD;;0;0;0;0;0;;0;0;0;0;0;0;0;0
1070221 Property plant and equipment : Furniture and fittings : FURN & FITT-CST;1;1;20230131;1070221HKD;;0;0;0;0;0;;0;0;0;0;0;0;0;0
1070420 Property plant and equipment : Office equipment : COMP EQPT-ACC. DPR;1;1;20230131;1070420HKD;;0;0;0;0;0;;0;0;0;0;0;0;0;0
1070421 Property plant and equipment : Office equipment : COMP EQPT-COST;1;1;20230131;1070421HKD;;0;0;0;0;0;;0;0;0;0;0;0;0;0
1070620 Property plant and equipment : Leased Assets : LEASED PROP ASST-COST;1;1;20230131;1070620HKD;;0;0;0;0;0;;0;0;0;0;0;0;0;0
1070622 Property plant and equipment : Leased Assets : LEASED PROP ASST-ACCDEP;1;1;20230131;1070622HKD;;0;0;0;0;0;;0;0;0;0;0;0;0;0
1080125 Goodwill and intangible assets : Acquired intangibles : MEMBERSHIPS-COSTS;1;1;20230131;1080125HKD;;0;0;0;0;0;;0;0;0;0;0;0;0;0
1080321 Goodwill and intangible assets : Work in progress : WIP-MANDAY CST;1;1;20230131;1080321HKD;;0;0;0;0;0;;0;0;0;0;0;0;0;0
1080323 Goodwill and intangible assets : Work in progress : ACQ INTNGBL-COSTS;1;1;20230131;1080323HKD;;0;0;0;0;0;;0;0;0;0;0;0;0;0
1080430 CAP SOFT-APP-COST;1;1;20230131;1080430HKD;;0;0;0;0;0;;0;0;0;0;0;0;0;0
1080431 CAP SOFT-APP-ACC AMORT;1;1;20230131;1080431HKD;;0;0;0;0;0;;0;0;0;0;0;0;0;0
1080432 CAP SOFT-BNKG PLATFM COST;1;1;20230131;1080432HKD;;0;0;0;0;0;;0;0;0;0;0;0;0;0
1080433 CAP SOFT-BNKG PLATFM ACC AMORT;1;1;20230131;1080433HKD;;0;0;0;0;0;;0;0;0;0;0;0;0;0
1080434 CAP SOFT-CONT CTR-COST;1;1;20230131;1080434HKD;;0;0;0;0;0;;0;0;0;0;0;0;0;0
1080435 CAP SOFT-CONT CTR-ACC AMORT;1;1;20230131;1080435HKD;;0;0;0;0;0;;0;0;0;0;0;0;0;0
1100120 Other assets : Financial assets : CARDHOLDER DISPUTE;1;1;20230131;1100120HKD;;0;0;0;0;0;;0;0;0;0;0;0;0;0
1100144 Other assets : Financial assets : S REC REF DEP UTIL;1;1;20230131;1100144HKD;;0;0;0;0;0;;0;0;0;0;0;0;0;0
1100148 Other assets : Financial assets : AMT DUE FR HKT PAYMENT;1;1;20230131;1100148HKD1001;;0;0;0;0;0;;0;0;0;0;0;0;0;0
1100149 Other assets : Financial assets : AMT DUE FR TRIP;1;1;20230131;1100149HKD1002;;0;0;0;0;0;;0;0;0;0;0;0;0;0
1100150 Other assets : Financial assets : AMT DUE FROM GP;1;1;20230131;1100150HKD;;0;0;0;0;0;;0;0;0;0;0;0;0;0
1100220 Other assets : Non financial assets : ADVANCE TO VENDORS;1;1;20230131;1100220HKD;;0;0;0;0;0;;0;0;0;0;0;0;0;0
1100228 Other assets : Non financial assets : SPOT POSITION;1;1;20230131;1100228EUR;;0;0;0;0;0;;0;0;0;0;0;0;0;0
1100228 Other assets : Non financial assets : SPOT POSITION;1;1;20230131;1100228USD;;0;0;0;0;0;;0;0;0;0;0;0;0;0
1100228 Other assets : Non financial assets : SPOT POSITION;1;1;20230131;1100228USD150;;0;0;0;0;0;;0;0;0;0;0;0;0;0
1100228 Other assets : Non financial assets : SPOT POSITION;1;1;20230131;1100228USD110;;0;0;0;0;0;;0;0;0;0;0;0;0;0
1100228 Other assets : Non financial assets : SPOT POSITION;1;1;20230131;1100228USD238;;0;0;0;0;0;;0;0;0;0;0;0;0;0
1100228 Other assets : Non financial assets : SPOT POSITION;1;1;20230131;1100228SGD;;0;0;0;0;0;;0;0;0;0;0;0;0;0
1100228 Other assets : Non financial assets : SPOT POSITION;1;1;20230131;1100228AUD;;0;0;0;0;0;;0;0;0;0;0;0;0;0
1100228 Other assets : Non financial assets : SPOT POSITION;1;1;20230131;1100228HKD;;0;0;0;0;0;;0;0;0;0;0;0;0;0
1100228 Other assets : Non financial assets : SPOT POSITION;1;1;20230131;1100228CAD;;0;0;0;0;0;;0;0;0;0;0;0;0;0
1100228 Other assets : Non financial assets : SPOT POSITION;1;1;20230131;1100228HKD238;;0;0;0;0;0;;0;0;0;0;0;0;0;1
1100228 Other assets : Non financial assets : SPOT POSITION;1;1;20230131;1100228HKD339;;0;0;0;0;0;;0;0;0;0;0;0;0;0
1100228 Other assets : Non financial assets : SPOT POSITION;1;1;20230131;1100228JPY;;0;0;0;0;0;;0;0;0;0;0;0;0;0
1100228 Other assets : Non financial assets : SPOT POSITION;1;1;20230131;1100228CNH;;0;0;0;0;0;;0;0;0;0;0;0;0;0
1100228 Other assets : Non financial assets : SPOT POSITION;1;1;20230131;1100228GBP;;0;0;0;0;0;;0;0;0;0;0;0;0;0
1100228 Other assets : Non financial assets : SPOT POSITION;1;1;20230131;1100228CNH238;;0;0;0;0;0;;0;0;0;0;0;0;0;0
1100228 Other assets : Non financial assets : SPOT POSITION;1;1;20230131;1100228HKD110;;0;0;0;0;0;;0;0;0;0;0;0;0;0
1100228 Other assets : Non financial assets : SPOT POSITION;1;1;20230131;1100228HKD150;;0;0;0;0;0;;0;0;0;0;0;0;0;0
1100228 Other assets : Non financial assets : SPOT POSITION;1;1;20230131;1100228NZD;;0;0;0;0;0;;0;0;0;0;0;0;0;0
1100228 Other assets : Non financial assets : SPOT POSITION;1;1;20230131;1100228HKD160;;0;0;0;0;0;;0;0;0;0;0;0;0;0
1100228 Other assets : Non financial assets : SPOT POSITION;1;1;20230131;1100228JPY238;;0;0;0;0;0;;0;0;0;0;0;0;0;0
1100228 Other assets : Non financial assets : SPOT POSITION;1;1;20230131;1100228EUR238;;0;0;0;0;0;;0;0;0;0;0;0;0;0
1100228 Other assets : Non financial assets : SPOT POSITION;1;1;20230131;1100228USD160;;0;0;0;0;0;;0;0;0;0;0;0;0;0
1100233 Other assets : Non financial assets : SPOT POS-OFFSET;1;1;20230131;1100233HKD;;0;0;0;0;0;;0;0;0;0;0;0;0;0
1100234 Other assets : Non financial assets : S.REC REF. DEP.PREMISES;1;1;20230131;1100234HKD;;0;0;0;0;0;;0;0;0;0;0;0;0;0
1100235 Other assets : Non financial assets : SUBSYS INTERFACE SUSPENSE-DR BAL;1;1;20230131;1100235HKD;;0;0;0;0;0;;0;0;0;0;0;0;0;0
1100237 FX CASH POSITION;1;1;20230131;1100237GBP;;0;0;0;0;0;;0;0;0;0;0;0;0;0
1100237 FX CASH POSITION;1;1;20230131;1100237HKD;;0;0;0;0;0;;0;0;0;0;0;0;0;0
1100237 FX CASH POSITION;1;1;20230131;1100237EUR;;0;0;0;0;0;;0;0;0;0;0;0;0;0
1100237 FX CASH POSITION;1;1;20230131;1100237USD;;0;0;0;0;0;;0;0;0;0;0;0;0;0
1100237 FX CASH POSITION;1;1;20230131;1100237AUD;;0;0;0;0;0;;0;0;0;0;0;0;0;0
1100237 FX CASH POSITION;1;1;20230131;1100237NZD;;0;0;0;0;0;;0;0;0;0;0;0;0;0
1100237 FX CASH POSITION;1;1;20230131;1100237JPY;;0;0;0;0;0;;0;0;0;0;0;0;0;0
1100237 FX CASH POSITION;1;1;20230131;1100237SGD;;0;0;0;0;0;;0;0;0;0;0;0;0;0
1100237 FX CASH POSITION;1;1;20230131;1100237GBP238;;0;0;0;0;0;;0;0;0;0;0;0;0;0
1100237 FX CASH POSITION;1;1;20230131;1100237CAD;;0;0;0;0;0;;0;0;0;0;0;0;0;0
1100238 FX CASH POSITION-OFFSET;1;1;20230131;1100238NZD;;0;0;0;0;0;;0;0;0;0;0;0;0;0
1100238 FX CASH POSITION-OFFSET;1;1;20230131;1100238CAD;;0;0;0;0;0;;0;0;0;0;0;0;0;0
1100238 FX CASH POSITION-OFFSET;1;1;20230131;1100238HKD;;0;0;0;0;0;;0;0;0;0;0;0;0;0
1100238 FX CASH POSITION-OFFSET;1;1;20230131;1100238SGD;;0;0;0;0;0;;0;0;0;0;0;0;0;0
1100238 FX CASH POSITION-OFFSET;1;1;20230131;1100238JPY;;0;0;0;0;0;;0;0;0;0;0;0;0;0
1100238 FX CASH POSITION-OFFSET;1;1;20230131;1100238EUR;;0;0;0;0;0;;0;0;0;0;0;0;0;0
1100238 FX CASH POSITION-OFFSET;1;1;20230131;1100238AUD;;0;0;0;0;0;;0;0;0;0;0;0;0;0
1100238 FX CASH POSITION-OFFSET;1;1;20230131;1100238USD;;0;0;0;0;0;;0;0;0;0;0;0;0;0
1100238 FX CASH POSITION-OFFSET;1;1;20230131;1100238CNH;;0;0;0;0;0;;0;0;0;0;0;0;0;0
1100238 FX CASH POSITION-OFFSET;1;1;20230131;1100238GBP;;0;0;0;0;0;;0;0;0;0;0;0;0;0
1100353 Other assets : Non financial assets : CUSTOMER REFERRAL REWARD COSTS-ASSETS;1;1;20230131;1100353HKD;;0;0;0;0;0;;0;0;0;0;0;0;0;0
1100354 Other assets : Non financial assets : CUSTOMER CONTRACT COSTS-ASSETS;1;1;20230131;1100354HKD;;0;0;0;0;0;;0;0;0;0;0;0;0;0
1100355 Other assets : Non financial assets : CUSTOMER REFERRAL REWARD COSTS-ACC AMORT;1;1;20230131;1100355HKD;;0;0;0;0;0;;0;0;0;0;0;0;0;0
1100356 Other assets : Non financial assets : CUSTOMER CONTRACT COSTS-ACC AMORT;1;1;20230131;1100356HKD;;0;0;0;0;0;;0;0;0;0;0;0;0;0
2010120 Accruals and deferred income : Accrued interest payable : AIP-CUST DEP;1;1;20230131;2010120AUD;;0;0;0;0;0;;0;0;0;0;0;0;0;0
2010120 Accruals and deferred income : Accrued interest payable : AIP-CUST DEP;1;1;20230131;2010120HKD;;0;0;0;0;0;;0;0;0;0;0;0;0;0
2010120 Accruals and deferred income : Accrued interest payable : AIP-CUST DEP;1;1;20230131;2010120GBP;;0;0;0;0;0;;0;0;0;0;0;0;0;0
2010120 Accruals and deferred income : Accrued interest payable : AIP-CUST DEP;1;1;20230131;2010120CNH;;0;0;0;0;0;;0;0;0;0;0;0;0;0
2010120 Accruals and deferred income : Accrued interest payable : AIP-CUST DEP;1;1;20230131;2010120USD;;0;0;0;0;0;;0;0;0;0;0;0;0;0
2010120 Accruals and deferred income : Accrued interest payable : AIP-CUST DEP;1;1;20230131;2010120JPY;;0;0;0;0;0;;0;0;0;0;0;0;0;0
2010120 Accruals and deferred income : Accrued interest payable : AIP-CUST DEP;1;1;20230131;2010120CAD;;0;0;0;0;0;;0;0;0;0;0;0;0;0
2010120 Accruals and deferred income : Accrued interest payable : AIP-CUST DEP;1;1;20230131;2010120SGD;;0;0;0;0;0;;0;0;0;0;0;0;0;0
2010120 Accruals and deferred income : Accrued interest payable : AIP-CUST DEP;1;1;20230131;2010120EUR;;0;0;0;0;0;;0;0;0;0;0;0;0;0
2010120 Accruals and deferred income : Accrued interest payable : AIP-CUST DEP;1;1;20230131;2010120NZD;;0;0;0;0;0;;0;0;0;0;0;0;0;0
2010121 Accruals and deferred income : Accrued interest payable : AIP-CUST TERM DEP;1;1;20230131;2010121HKD;;0;0;0;0;0;;0;0;0;0;0;0;0;0
2010122 Accruals and deferred income : Accrued interest payable : AIP-MM BORROWING- SCBHK;1;1;20230131;2010122HKD238;;0;0;0;0;0;;0;0;0;0;0;0;0;1
2010220 Accruals and deferred income : Holiday Pay accrual : PROV-HOLIDAY PAY;1;1;20230131;2010220HKD;;0;0;0;0;0;;0;0;0;0;0;0;0;0
2010323 Accruals and deferred income : Sundry accruals and deferred income : ACCRUALS PREMISES;1;1;20230131;2010323HKD;;0;0;0;0;0;;0;0;0;0;0;0;0;0
2010338 Accruals and deferred income : Sundry accruals and deferred income : PROV-DIRECTOR FEES;1;1;20230131;2010338HKD;;0;0;0;0;0;;0;0;0;0;0;0;0;0
2010344 Accruals and deferred income : Sundry accruals and deferred income : PROV-AUDIT FEE & EXP;1;1;20230131;2010344HKD;;0;0;0;0;0;;0;0;0;0;0;0;0;0
2010346 Accruals and deferred income : Sundry accruals and deferred income : PROV-DEF CASH AWARDS;1;1;20230131;2010346HKD;;0;0;0;0;0;;0;0;0;0;0;0;0;0
2010346 Accruals and deferred income : Sundry accruals and deferred income : PROV-DEF CASH AWARDS;1;1;20230131;2010346USD;;0;0;0;0;0;;0;0;0;0;0;0;0;0
2010349 Accruals and deferred income : Sundry accruals and deferred income : PROV-MEDICAL INSUR;1;1;20230131;2010349HKD;;0;0;0;0;0;;0;0;0;0;0;0;0;0
2010350 Accruals and deferred income : Sundry accruals and deferred income : PROV-PERFRMANCE BONUS;1;1;20230131;2010350HKD;;0;0;0;0;0;;0;0;0;0;0;0;0;0
2010355 Accruals and deferred income : Sundry accruals and deferred income : ACRD EXP NOT PD;1;1;20230131;2010355HKD;;0;0;0;0;0;;0;0;0;0;0;0;0;0
2010356 MC INCENTIVE-DEFERRED INC LIAB;1;1;20230131;2010356HKD;;0;0;0;0;0;;0;0;0;0;0;0;0;0
2020120 Customer accounts : Interest bearing deposit accounts : CUSTOMER DEPOSITS;1;1;20230131;2020120SGD;;0;0;0;0;0;;0;0;0;0;0;0;0;0
2020120 Customer accounts : Interest bearing deposit accounts : CUSTOMER DEPOSITS;1;1;20230131;2020120HKD;;0;0;0;0;0;;0;0;0;0;0;0;0;0
2020120 Customer accounts : Interest bearing deposit accounts : CUSTOMER DEPOSITS;1;1;20230131;2020120GBP;;0;0;0;0;0;;0;0;0;0;0;0;0;0
2020120 Customer accounts : Interest bearing deposit accounts : CUSTOMER DEPOSITS;1;1;20230131;2020120CAD;;0;0;0;0;0;;0;0;0;0;0;0;0;0
2020120 Customer accounts : Interest bearing deposit accounts : CUSTOMER DEPOSITS;1;1;20230131;2020120EUR;;0;0;0;0;0;;0;0;0;0;0;0;0;0
2020120 Customer accounts : Interest bearing deposit accounts : CUSTOMER DEPOSITS;1;1;20230131;2020120USD;;0;0;0;0;0;;0;0;0;0;0;0;0;0
2020120 Customer accounts : Interest bearing deposit accounts : CUSTOMER DEPOSITS;1;1;20230131;2020120NZD;;0;0;0;0;0;;0;0;0;0;0;0;0;0
2020120 Customer accounts : Interest bearing deposit accounts : CUSTOMER DEPOSITS;1;1;20230131;2020120JPY;;0;0;0;0;0;;0;0;0;0;0;0;0;0
2020120 Customer accounts : Interest bearing deposit accounts : CUSTOMER DEPOSITS;1;1;20230131;2020120AUD;;0;0;0;0;0;;0;0;0;0;0;0;0;0
2020120 Customer accounts : Interest bearing deposit accounts : CUSTOMER DEPOSITS;1;1;20230131;2020120HKD238;;0;0;0;0;0;;0;0;0;0;0;0;0;1
2020120 Customer accounts : Interest bearing deposit accounts : CUSTOMER DEPOSITS;1;1;20230131;2020120CNH;;0;0;0;0;0;;0;0;0;0;0;0;0;0
2020121 Customer accounts : Interest bearing deposit accounts : CUSTOMER TERM DEPOSITS;1;1;20230131;2020121HKD;;0;0;0;0;0;;0;0;0;0;0;0;0;0
2030121 Due to Banks : Items in course of payment to other banks : MM BORROWING WITH SCBHK;1;1;20230131;2030121HKD238;;0;0;0;0;0;;0;0;0;0;0;0;0;1
2040101 Due to intragroup : Due to head office and subsidiaries : DUE TO HO & SUBSID;1;1;20230131;2040101HKD238;;0;0;0;0;0;;0;0;0;0;0;0;0;1
2040105 Due to intragroup : Due to head office and subsidiaries : CBR PAYABLE-BRANCHES;1;1;20230131;2040105USD238;;0;0;0;0;0;;0;0;0;0;0;0;0;0
2040105 Due to intragroup : Due to head office and subsidiaries : CBR PAYABLE-BRANCHES;1;1;20230131;2040105USD110;;0;0;0;0;0;;0;0;0;0;0;0;0;0
2040105 Due to intragroup : Due to head office and subsidiaries : CBR PAYABLE-BRANCHES;1;1;20230131;2040105USD150;;0;0;0;0;0;;0;0;0;0;0;0;0;0
2040105 Due to intragroup : Due to head office and subsidiaries : CBR PAYABLE-BRANCHES;1;1;20230131;2040105HKD110;;0;0;0;0;0;;0;0;0;0;0;0;0;0
2040105 Due to intragroup : Due to head office and subsidiaries : CBR PAYABLE-BRANCHES;1;1;20230131;2040105HKD238;;0;0;0;0;0;;0;0;0;0;0;0;0;1
2040107 Due to intragroup : Due to head office and subsidiaries : SHARE OPTIONS PAYABLE;1;1;20230131;2040107USD110;;0;0;0;0;0;;0;0;0;0;0;0;0;0
2040107 Due to intragroup : Due to head office and subsidiaries : SHARE OPTIONS PAYABLE;1;1;20230131;2040107USD;;0;0;0;0;0;;0;0;0;0;0;0;0;0
2040107 Due to intragroup : Due to head office and subsidiaries : SHARE OPTIONS PAYABLE;1;1;20230131;2040107USD238;;0;0;0;0;0;;0;0;0;0;0;0;0;0
2040108 Due to intragroup : Due to head office and subsidiaries : PROJECT OPEX-PAYABLE;1;1;20230131;2040108USD238;;0;0;0;0;0;;0;0;0;0;0;0;0;0
2040110 Due to intragroup : Due to head office and subsidiaries : INTERCO ACCR PAYABLE SUBS;1;1;20230131;2040110AUD160;;0;0;0;0;0;;0;0;0;0;0;0;0;0
2040110 Due to intragroup : Due to head office and subsidiaries : INTERCO ACCR PAYABLE SUBS;1;1;20230131;2040110USD150;;0;0;0;0;0;;0;0;0;0;0;0;0;0
2040110 Due to intragroup : Due to head office and subsidiaries : INTERCO ACCR PAYABLE SUBS;1;1;20230131;2040110USD160;;0;0;0;0;0;;0;0;0;0;0;0;0;0
2040110 Due to intragroup : Due to head office and subsidiaries : INTERCO ACCR PAYABLE SUBS;1;1;20230131;2040110USD238;;0;0;0;0;0;;0;0;0;0;0;0;0;0
2040110 Due to intragroup : Due to head office and subsidiaries : INTERCO ACCR PAYABLE SUBS;1;1;20230131;2040110HKD238;;0;0;0;0;0;;0;0;0;0;0;0;0;1
2040110 Due to intragroup : Due to head office and subsidiaries : INTERCO ACCR PAYABLE SUBS;1;1;20230131;2040110USD;;0;0;0;0;0;;0;0;0;0;0;0;0;0
2040114 Due to intragroup : Due to head office and subsidiaries : DUE TO/FROM SC GBS ENTITIES;1;1;20230131;2040114USD306;;0;0;0;0;0;;0;0;0;0;0;0;0;0
2040115 CBR PAYABLE-SUBSIDIARIES;1;1;20230131;2040115USD238;;0;0;0;0;0;;0;0;0;0;0;0;0;0
2040117 Due to intragroup : Due to head office and subsidiaries : MD RECHARGES PAYABLE;1;1;20230131;2040117USD150;;0;0;0;0;0;;0;0;0;0;0;0;0;0
2040118 Due to intragroup : Due to head office and subsidiaries : HR Intercompany Payable;1;1;20230131;2040118USD110;;0;0;0;0;0;;0;0;0;0;0;0;0;0
2040118 Due to intragroup : Due to head office and subsidiaries : HR Intercompany Payable;1;1;20230131;2040118USD160;;0;0;0;0;0;;0;0;0;0;0;0;0;0
2060230 Financial liabilities : Other financial liabilities : UNCLAIMED BAL CRD;1;1;20230131;2060230HKD;;0;0;0;0;0;;0;0;0;0;0;0;0;0
2060232 Financial liabilities : Other financial liabilities : SUSPENSE-MC TXN;1;1;20230131;2060232HKD;;0;0;0;0;0;;0;0;0;0;0;0;0;0
2060236 Financial liabilities : Other financial liabilities : SUSPENSE-JETCO;1;1;20230131;2060236HKD;;0;0;0;0;0;;0;0;0;0;0;0;0;0
2060238 Financial liabilities : Other financial liabilities : SUSPENSE-EPSCO;1;1;20230131;2060238HKD;;0;0;0;0;0;;0;0;0;0;0;0;0;0
2060246 Financial liabilities : Other financial liabilities : ONLINE SUSPENSE;1;1;20230131;2060246HKD;;0;0;0;0;0;;0;0;0;0;0;0;0;0
2060246 Financial liabilities : Other financial liabilities : ONLINE SUSPENSE;1;1;20230131;2060246HKD238;;0;0;0;0;0;;0;0;0;0;0;0;0;1
2060253 Financial liabilities : Other financial liabilities : SUSPENSE-RTGS;1;1;20230131;2060253HKD;;0;0;0;0;0;;0;0;0;0;0;0;0;0
2060253 Financial liabilities : Other financial liabilities : SUSPENSE-RTGS;1;1;20230131;2060253HKD238;;0;0;0;0;0;;0;0;0;0;0;0;0;1
2060263 Financial liabilities : Other financial liabilities : SUSPENSE-MRCHT CHARGBACK;1;1;20230131;2060263HKD;;0;0;0;0;0;;0;0;0;0;0;0;0;0
2060265 SUSPENSE-REFUND TO CUST;1;1;20230131;2060265HKD;;0;0;0;0;0;;0;0;0;0;0;0;0;0
2060320 Financial liabilities : Sundry creditors and other payables : S CLIENT CRD;1;1;20230131;2060320HKD;;0;0;0;0;0;;0;0;0;0;0;0;0;0
2060328 Financial liabilities : Sundry creditors and other payables : TRADE CREDITOR CONTROL;1;1;20230131;2060328USD;;0;0;0;0;0;;0;0;0;0;0;0;0;0
2060328 Financial liabilities : Sundry creditors and other payables : TRADE CREDITOR CONTROL;1;1;20230131;2060328HKD;;0;0;0;0;0;;0;0;0;0;0;0;0;0
2070120 Non financial liabilities : Cash settled share based payments : SHD BASED PYMT-CSH SETTL;1;1;20230131;2070120HKD;;0;0;0;0;0;;0;0;0;0;0;0;0;0
2070122 Non financial liabilities : Cash settled share based payments : STAFF SHD BASED PYMT-CSH SETTL;1;1;20230131;2070122HKD;;0;0;0;0;0;;0;0;0;0;0;0;0;0
2090123 Deferred tax liabilities : Deferred tax liabilities : DEF TAX LSES C/F;1;1;20230131;2090123HKD;;0;0;0;0;0;;0;0;0;0;0;0;0;0
2090124 Deferred tax liabilities : Deferred tax liabilities : DEF TAX LSES C/F CY PL;1;1;20230131;2090124HKD;;0;0;0;0;0;;0;0;0;0;0;0;0;0
2090127 Deferred tax liabilities : Deferred tax liabilities : PROV-DEF TAX-CUR PD;1;1;20230131;2090127HKD;;0;0;0;0;0;;0;0;0;0;0;0;0;0
2090128 Deferred tax liabilities : Deferred tax liabilities : PROV FR DEF TAX-PR PD;1;1;20230131;2090128HKD;;0;0;0;0;0;;0;0;0;0;0;0;0;0
3010120 Share capital and share premium account : Ordinary share capital : ORD SH CAP;1;1;20230131;3010120HKD;;0;0;0;0;0;;0;0;0;0;0;0;0;0
3010120 Share capital and share premium account : Ordinary share capital : ORD SH CAP;1;1;20230131;3010120HKD1001;;0;0;0;0;0;;0;0;0;0;0;0;0;0
3010120 Share capital and share premium account : Ordinary share capital : ORD SH CAP;1;1;20230131;3010120HKD238;;0;0;0;0;0;;0;0;0;0;0;0;0;1
3020322 Other reserves : Share option equity reserve : FVOCI RESERVE-TB/TN - MTM;1;1;20230131;3020322HKD;;0;0;0;0;0;;0;0;0;0;0;0;0;0
3020421 Other reserves : Statutory and legal reserves : RETAINED EARNINGS;1;1;20230131;3020421HKD;;0;0;0;0;0;;0;0;0;0;0;0;0;0
88888888 Profit Loss entry;1;1;20230131;88888888AUD;;0;0;0;0;0;;0;0;0;0;0;0;0;0
88888888 Profit Loss entry;1;1;20230131;88888888CAD;;0;0;0;0;0;;0;0;0;0;0;0;0;0
88888888 Profit Loss entry;1;1;20230131;88888888CNH;;0;0;0;0;0;;0;0;0;0;0;0;0;0
88888888 Profit Loss entry;1;1;20230131;88888888EUR;;0;0;0;0;0;;0;0;0;0;0;0;0;0
88888888 Profit Loss entry;1;1;20230131;88888888GBP;;0;0;0;0;0;;0;0;0;0;0;0;0;0
88888888 Profit Loss entry;1;1;20230131;88888888HKD;;0;0;0;0;0;;0;0;0;0;0;0;0;0
88888888 Profit Loss entry;1;1;20230131;88888888JPY;;0;0;0;0;0;;0;0;0;0;0;0;0;0
88888888 Profit Loss entry;1;1;20230131;88888888NZD;;0;0;0;0;0;;0;0;0;0;0;0;0;0
88888888 Profit Loss entry;1;1;20230131;88888888SGD;;0;0;0;0;0;;0;0;0;0;0;0;0;0
88888888 Profit Loss entry;1;1;20230131;88888888USD;;0;0;0;0;0;;0;0;0;0;0;0;0;0
81818181 Profit Loss entry;1;1;20230131;81818181AUD;;0;0;0;0;0;;0;0;0;0;0;0;0;0
81818181 Profit Loss entry;1;1;20230131;81818181CAD;;0;0;0;0;0;;0;0;0;0;0;0;0;0
81818181 Profit Loss entry;1;1;20230131;81818181CNH;;0;0;0;0;0;;0;0;0;0;0;0;0;0
81818181 Profit Loss entry;1;1;20230131;81818181EUR;;0;0;0;0;0;;0;0;0;0;0;0;0;0
81818181 Profit Loss entry;1;1;20230131;81818181GBP;;0;0;0;0;0;;0;0;0;0;0;0;0;0
81818181 Profit Loss entry;1;1;20230131;81818181HKD;;0;0;0;0;0;;0;0;0;0;0;0;0;0
81818181 Profit Loss entry;1;1;20230131;81818181JPY;;0;0;0;0;0;;0;0;0;0;0;0;0;0
81818181 Profit Loss entry;1;1;20230131;81818181NZD;;0;0;0;0;0;;0;0;0;0;0;0;0;0
81818181 Profit Loss entry;1;1;20230131;81818181SGD;;0;0;0;0;0;;0;0;0;0;0;0;0;0
81818181 Profit Loss entry;1;1;20230131;81818181USD;;0;0;0;0;0;;0;0;0;0;0;0;0;0
2070421 Non financial liabilities : Net obligations under finance leases : LEASE LIAB-PROP;1;1;20230131;2070421HKD;;34_01022023;0;0;0;0;;0;0;0;0;0;0;0;0
2070421 Non financial liabilities : Net obligations under finance leases : LEASE LIAB-PROP;1;1;20230131;2070421HKD;;35_01032023;0;0;0;0;;0;0;0;0;0;0;0;0
2070421 Non financial liabilities : Net obligations under finance leases : LEASE LIAB-PROP;1;1;20230131;2070421HKD_BALANCING;;0;0;0;0;0;;0;0;0;0;0;0;0;0
